{
    "name": "§b§lLapras-Taur",
    "description": "§fSmart and kind hearted Pokémon, Lapras are large, powerful aquatic reptiles that primarily inhabit colder waters.",
    "powers": [
        "lapras:pokemon_of_the_seas",
        "lapras:lapras_size",
        "lapras:lapras_shell",
        "lapras:lapras_bulk",
        "lapras:lapras_hydration_effects",
        "lapras:lapras_flippers",
        "lapras:lapras_appetite",
        "lapras:lapras_water_type",
        "lapras:lapras_ice_type",
        "lapras:lapras_water_absorb",
        "lapras:lapras_transport",
        "lapras:berry_devourer",
        "origins:water_vision",
        "origins:aqua_affinity",
        "origins:like_water",
        "origins:aquatic",
        "lapras:lapras_no_elytra",
        "lapras:lapras_rehydrate",
        "lapras:lapras_hydration",
        "lapras:lapras_remove_hydration",
        "lapras:lapras_no_knockback",
        "lapras:lapras_hydration_bottle",
        "lapras:lapras_depth_strider_one",
        "lapras:lapras_depth_strider_two",
        "lapras:lapras_depth_strider_three",
        "lapras:lapras_swim",
        "lapras:lapras_rain_speed",
        "lapras:lapras_remove_hydration_cold",
        "lapras:lapras_water_type_cold",
        "lapras:lapras_water_type_cold_strong_against",
        "lapras:lapras_water_type_cold_weak_against",
        "lapras:lapras_water_type_strong_against",
        "lapras:lapras_water_type_weak_against",
        "lapras:pokemon_of_the_seas_turtle_helmet",
        "lapras:lapras_dismount",
        "lapras:lapras_shell_toughness",
        "lapras:lapras_jumpspeed",
        "lapras:lapras_invincibility"
    ],
    "icon": {
        "item": "minecraft:allay_spawn_egg"
    },
    "order": 0,
    "impact": 3
}