{
    "hidden": true,
    "type": "origins:multiple",
    "power": {
        "condition": {
            "inverted": true,
            "type": "origins:submerged_in",
            "fluid": "minecraft:water"
        },
        "type": "origins:simple"
    },
    "fire": {
        "condition": {
            "type": "origins:and",
            "conditions": [
                {
                    "type": "origins:resource",
                    "resource": "lapras:lapras_hydration",
                    "comparison": ">=",
                    "compare_to": 1
                },
                {
                    "type": "origins:biome",
                    "biomes": [
                        "minecraft:deep_frozen_ocean",
                        "minecraft:frozen_ocean",
                        "minecraft:frozen_peaks",
                        "minecraft:frozen_river",
                        "minecraft:ice_spikes",
                        "minecraft:snowy_beach",
                        "minecraft:snowy_plains",
                        "minecraft:snowy_taiga",
                        "minecraft:snowy_slopes"
                    ]
                }
            ]
        },
        "type": "origins:active_self",
        "entity_action": {
            "type": "origins:raycast",
            "distance": 50,
            "block": true,
            "entity": true,
            "shape_type": "outline",
            "fluid_handling": "any",
            "bientity_condition": {
                "type": "origins:target_condition",
                "condition": {
                    "type": "origins:or",
                    "conditions": [
                        {
                            "type": "origins:in_tag",
                            "tag": "lapras:weak_to_lapras_ice_beam"
                        },
                        {
                            "type": "origins:origin",
                            "origin": "serperior:serperior"
                        }
                    ]
                }
            },
            "bientity_action": {
                "type": "origins:and",
                "actions": [
                    {
                        "type": "origins:damage",
                        "amount": 8,
                        "source": {
                            "name": "freeze.player",
                            "bypasses_armor": false,
                            "magic": false
                        }
                    },
                    {
                        "type": "origins:target_action",
                        "action": {
                            "type": "origins:execute_command",
                            "command": "effect give @s minecraft:slowness 10 3"
                        }
                    }
                ]
            }
        },
        "cooldown": 15,
        "hud_render": {
            "should_render": false
        },
        "key": {
            "key": "key.origins.secondary_active",
            "continuous": true
        }
    }
}