{
    "hidden": true,
    "condition": {
        "type": "origins:or",
        "conditions": [
            {
                "type": "origins:in_rain"
            },
            {
                "type": "origins:in_block",
                "block_condition": {
                    "type": "origins:or",
                    "conditions": [
                        {
                            "type": "origins:fluid",
                            "fluid_condition": {
                                "type": "origins:fluid",
                                "fluid": "minecraft:water"
                            }
                        },
                        {
                            "type": "origins:block",
                            "block": "minecraft:snow"
                        },
                        {
                            "type": "origins:block",
                            "block": "minecraft:powder_snow"
                        }
                    ]
                }
            },
            {
                "type": "origins:on_block",
                "block_condition": {
                    "type": "origins:or",
                    "conditions": [
                        {
                            "type": "origins:in_tag",
                            "tag": "minecraft:ice"
                        },
                        {
                            "type": "origins:in_tag",
                            "tag": "minecraft:snow"
                        },
                        {
                            "type": "origins:block",
                            "block": "minecraft:snow"
                        }
                    ]
                }
            }
        ]
    },
    "type": "origins:action_over_time",
    "interval": 20,
    "entity_action": {
        "type": "origins:change_resource",
        "resource": "lapras:lapras_hydration",
        "change": 1,
        "operation": "add"
    }
}