{
    "hidden": true,
    "condition": {
        "type": "origins:or",
        "conditions": [
            {
                "type": "origins:in_rain"
            },
            {
                "type": "origins:on_block",
                "block_condition": {
                    "type": "origins:or",
                    "conditions": [
                        {
                            "type": "origins:in_tag",
                            "tag": "minecraft:ice"
                        },
                        {
                            "type": "origins:in_tag",
                            "tag": "minecraft:snow"
                        },
                        {
                            "type": "origins:block",
                            "block": "minecraft:snow"
                        }
                    ]
                }
            },
            {
                "type": "origins:in_block",
                "block_condition": {
                    "type": "origins:or",
                    "conditions": [
                        {
                            "type": "origins:block",
                            "block": "minecraft:powder_snow"
                        },
                        {
                            "type": "origins:block",
                            "block": "minecraft:snow"
                        }
                    ]
                }
            }
        ]
    },
    "type": "origins:conditioned_attribute",
    "modifier": {
        "attribute": "minecraft:generic.movement_speed",
        "operation": "multiply_base",
        "value": 0.3
    },
    "tick_rate": 20,
    "update_health": true
}