{
    "name": "§b§l§nWater Absorb",
    "description": "§fAs a Lapras, you have access to the ability, Water Absorb, causing all offensive water-type moves to partially heal you instead of damaging you.",
    "badges": [
        {
            "sprite": "origins:textures/gui/badge/info.png",
            "text": "§fHeals 2 hearts, or 4 health!"
        }
    ],
    "type": "origins:multiple",
    "power": {
        "condition": {
            "inverted": true,
            "type": "origins:submerged_in",
            "fluid": "minecraft:water"
        },
        "type": "origins:simple"
    },
    "fire": {
        "condition": {
            "type": "origins:and",
            "conditions": [
                {
                    "type": "origins:resource",
                    "resource": "lapras:lapras_hydration",
                    "comparison": ">=",
                    "compare_to": 1
                },
                {
                    "inverted": true,
                    "type": "origins:biome",
                    "biomes": [
                        "minecraft:deep_frozen_ocean",
                        "minecraft:frozen_ocean",
                        "minecraft:frozen_peaks",
                        "minecraft:frozen_river",
                        "minecraft:ice_spikes",
                        "minecraft:snowy_beach",
                        "minecraft:snowy_plains",
                        "minecraft:snowy_taiga",
                        "minecraft:snowy_slopes"
                    ]
                }
            ]
        },
        "type": "origins:active_self",
        "entity_action": {
            "type": "origins:raycast",
            "distance": 50,
            "block": true,
            "entity": true,
            "shape_type": "outline",
            "fluid_handling": "any",
            "bientity_condition": {
                "type": "origins:target_condition",
                "condition": {
                    "type": "origins:origin",
                    "origin": "lapras:lapras"
                }
            },
            "bientity_action": {
                "type": "origins:target_action",
                "action": {
                    "type": "origins:and",
                    "actions": [
                        {
                            "type": "origins:heal",
                            "amount": 4
                        },
                        {
                            "type": "origins:spawn_particles",
                            "particle": "minecraft:heart",
                            "count": 20,
                            "spread": {
                                "x": 0.5,
                                "y": 0.5,
                                "z": 0.5
                            }
                        }
                    ]
                }
            }
        },
        "cooldown": 20,
        "hud_render": {
            "should_render": false
        },
        "key": {
            "key": "key.origins.secondary_active",
            "continuous": true
        }
    }
}