{
    "hidden": true,
    "type": "origins:action_on_entity_use",
    "bientity_action": {
        "type": "origins:actor_action",
        "action": {
            "type": "origins:delay",
            "action": {
                "type": "origins:dismount"
            },
            "ticks": 1
        }
    },
    "bientity_condition": {
        "type": "origins:target_condition",
        "condition": {
            "inverted": true,
            "type": "origins:or",
            "conditions": [
                {
                    "type": "origins:entity_type",
                    "entity_type": "minecraft:boat"
                },
                {
                    "type": "origins:entity_type",
                    "entity_type": "minecraft:chest_boat"
                },
                {
                    "type": "origins:and",
                    "conditions": [
                        {
                            "type": "origins:entity_type",
                            "entity_type": "minecraft:player"
                        },
                        {
                            "inverted": true,
                            "type": "origins:origin",
                            "origin": "lapras:lapras"
                        }
                    ]
                }
            ]
        }
    },
    "action_result": "success",
    "priority": 0
}