{
    "hidden": true,
    "condition": {
        "inverted": false,
        "type": "origins:and",
        "conditions": [
            {
                "type": "origins:power_active",
                "power": "lapras:pokemon_of_the_seas"
            },
            {
                "inverted": false,
                "type": "origins:equipped_item",
                "equipment_slot": "head",
                "item_condition": {
                    "type": "origins:ingredient",
                    "ingredient": {
                        "item": "minecraft:turtle_helmet"
                    }
                }
            }
        ]
    },
    "type": "origins:stacking_status_effect",
    "min_stacks": 0,
    "max_stacks": 1,
    "duration_per_stack": 5900,
    "tick_rate": 20,
    "effect": {
        "effect": "water_breathing",
        "duration": 0,
        "amplifier": 0,
        "show_particles": false,
        "show_icon": true
    }
}